BS1,BS2,BS3,BS4,BS5,BS6,BS7,BS8
106.74092385503815,270.9894876759635,307.60108900514035,180.40767716149037,48.97269521312678,197.93049876351986,130.41434545516435,86.03515251180285
105.85221740325571,271.8571519163487,306.7288374337558,178.62248530084076,49.56188507907378,196.48896079338968,127.36283906376804,84.87942674596431
105.28388225838356,271.39708623064075,305.99454515305786,177.48438298970626,50.71907059439056,197.8884011698806,128.85730628921212,83.8039840379367
106.27974976338116,270.51490954580845,304.87895822894274,179.08853713903,49.0169844571326,196.95421304347892,127.32471314842654,86.48275483299345
107.79806695825548,268.1894358000986,305.5450802272019,177.5683107309459,50.63691212271242,193.98036072178607,125.38793143346582,83.77948856573684
110.34427488391037,267.9703370337896,303.1687482482856,179.3371353848901,50.62246636944551,193.77896425303163,125.07146279216154,83.32172507380396
112.28413505590983,263.4254976915713,301.0700851869479,180.26825181542176,53.6078521074307,192.56503133622937,124.44617326029001,80.77693701585885
114.26381041366257,261.4875360183361,297.73118534272226,182.9955478325478,56.766011865557125,188.41513635352013,119.5274369420815,75.54643523458562
119.7625115665292,259.15804644699017,293.3204046314788,184.66896092803952,61.223644882080826,183.94679366623598,117.68319785341556,74.70331188897566
123.71284513087402,255.07781869150176,286.4272383141103,186.75301204357172,65.49914885401249,179.9495539595226,113.91741218138542,67.45693021109162
128.62066975654312,248.7433813823428,285.31484530566814,187.73700111782387,69.45246617881084,174.54467289849666,110.56781907930979,65.41060228816096
133.95273466825842,243.2844893417193,278.2012330466344,191.91126220663045,74.96853287286143,169.00211822737998,104.7813016129413,59.03534101629186
140.90453834578048,237.00791389665685,271.92093740618367,193.7451867617977,80.16259750376415,162.74865202249347,100.14448079107436,55.07382389460169
147.0334190165615,230.7488967072328,267.1975817954192,197.57412406825028,88.22615851960475,156.53597415952336,93.78113456965572,51.37281201175644
154.57138389212028,226.3740783233897,258.3875610112077,201.74606330145383,95.05327631815027,148.7719513611921,92.26950650114642,48.368615831778165
162.65515419255937,216.0170190764599,252.67418466080875,204.1733794466199,102.86196862831318,144.9138485667092,85.44668594113774,43.690286814293366
169.95055741903485,209.49779430971418,242.4193976138764,210.44637274883203,109.0506166309885,136.02098290237674,81.38671205040764,43.79115774497744
177.355869660079,202.572879159389,237.22146742035505,214.29262138678914,118.49217382742803,129.46263770440083,76.96437830738722,41.83531228402327
186.94134568605028,196.4348059900764,227.39452604891756,219.67891384528946,127.20383947965337,120.90189225422125,75.65708139708912,43.03840803995518
194.31404048260288,188.369011247776,220.81906891537358,225.69313410813834,136.75015974776966,113.26654757105214,71.54948718213916,45.67041996274068
202.62259329479485,181.79371472056926,213.95170808335448,231.49975789465023,144.36165342382463,105.85622309555228,72.17108722734937,50.84706363667914
211.57731804383027,172.97971141828276,204.0156608280889,237.2569539105285,151.47540742325566,98.39440926280541,70.96973133082476,54.4119238924489
220.26330202011016,168.41763830289926,197.20608438431302,246.92326589853917,160.54528725975322,90.39930703960306,70.25416605592807,59.73787932377085
228.19774659426986,161.2263941774627,190.81324684358486,250.22249069950217,167.1943569441826,83.40570599444773,72.42165255239453,66.14774953510978
236.4026037596467,153.16649854528845,183.89332713136992,256.70458458529225,174.90254209310092,79.45205432926663,75.35385230362647,70.18989872297153
243.85780755914092,149.03158277298795,178.87353129811083,263.4660860067438,181.75203847609203,73.7135616793076,79.1764922133734,77.57045403416058
250.70888982758282,146.36151330431167,173.50116655142216,269.82106016917174,190.90338190514422,72.13577002629219,82.74366439436538,82.8665717485717
255.52676939262943,136.45221553140942,168.51885411331625,274.9683544616564,198.55213552292835,67.75888899068306,88.65058902089778,85.04408603701418
261.18031553314773,132.64016254387843,165.89904357615129,279.36229556976514,201.04973309752222,69.31894781894752,91.8529512548895,90.9844189533849
265.83460245720624,127.08853904589459,165.64240354919013,285.31147832240805,204.00096346762257,68.35776765917836,95.51298592402303,94.94269009775353
267.60261098658975,124.84967491748758,162.10368729163272,288.1317381846949,207.50279539381978,67.29680099248185,97.85296756147669,95.57030740576413
272.6075893321139,123.02319988176114,158.3380043387265,290.37406275410973,213.29904882081962,67.90410354403167,98.541799068643,97.88521597213659
275.42525866403065,119.97106560821882,157.4517023959106,292.73028470536264,213.5150935853187,65.56438146344578,98.64590979218903,100.55120435238226
277.5600683326771,118.23449393853936,155.01099073439775,292.5275122222052,217.48127568949528,63.32999233962081,104.44726896662628,104.04938668133799
282.50019160572793,119.62258820893753,148.01687585689436,295.4591324481974,221.34560912284658,58.98769138112417,103.14760518336966,109.33277372788014
284.4482482740936,121.30161915294431,145.5020936864231,293.7044377819129,225.90469322334903,52.90131422441143,101.94422039535304,114.37197548264703
287.9855398912524,121.99678573057214,138.65225310411887,294.4780286915771,226.16360732765511,50.90908834718161,101.6792181256435,117.72433455321205
291.84889104039837,124.93927317505926,134.18573886627135,295.4182554110244,228.79783639341636,44.411658832348884,101.27338871992364,123.61231494433817
294.3770637235955,126.80646342959744,129.1758043262014,294.32461719298783,233.29287057411204,40.063254941915204,100.04833647840638,128.84536194681962
298.9301204073412,129.3205448801311,123.7942972626196,295.5795791481775,236.85853429074004,35.966786393929524,101.06350784661579,132.46027130136807
302.41514380500064,130.68081741779096,116.02668463378086,298.95029535090316,239.14827590647783,31.892090379214277,103.22445173046135,138.58330286465616
307.49750908811757,132.14552584250728,111.05170489581023,297.772915437522,244.58355447599507,30.29874968020003,105.05790471495598,143.0453272637776
310.740928077796,133.3532446902579,106.1562226161496,300.0758322118642,248.18794668410246,30.25768398186916,106.68527493906466,148.27243933334807
314.8965675293176,137.45903507426846,99.52917764372896,299.96654216373605,251.87522648546943,28.914030042907562,108.11031518398282,155.35790670835576
318.71154434174326,142.234686343692,97.23883350203215,299.3776743696903,254.81727423875176,27.780698491783493,108.0377392054322,157.39282768960442
319.36646067221903,150.17286524919032,95.03931585838679,298.14260829546436,256.2782206600295,26.723353141715254,106.45580734183112,161.5242535396617
319.19992221862327,154.45755094681908,94.2758102704743,294.86903571575164,257.08109540502926,28.104733108912598,106.3974160866851,163.52530248897648
319.2463762794321,161.52040194291467,96.48580639383134,289.4623173300716,253.88934501311113,27.212854154278066,99.50937623517693,165.61166173032737
316.04853935764874,167.2434367784206,96.56189480357885,287.79792010046873,253.98618939955324,28.42902178890324,97.74239948920173,167.52808670424216
312.31053249172703,173.502043776097,101.15431986622781,280.50239528894815,248.06843058876342,31.101956228368145,94.47861319171187,167.25698321417238
307.2065055127139,173.56672361875212,104.66241194744869,275.76270458508225,244.46961277779377,29.96718856059255,88.40509725886758,162.56899954984263
303.96313878464304,175.36255401065517,110.48547403911587,270.6226856171376,238.43531919283592,29.72589908829549,85.13721024350217,157.5791604015161
300.6028388362427,173.0549812407279,115.06465927146229,269.37637452795303,237.290256903043,28.2555336221664,80.7130688164679,153.90070082879538
296.58689566641027,170.84198588906304,115.99129350754677,270.08576446770934,233.27573859582444,22.80333270411763,78.24277579101636,146.12629469286097
293.7582220588175,165.33073031719147,120.01776607607302,271.0475486752702,232.07407780552484,21.29629358111844,77.85274676068812,143.9220281625598
293.822072701527,159.24628405773774,117.68955570570688,273.9661524219787,228.74160548123885,22.711506537447132,81.81704339696313,139.79885172334698
292.9151676562463,152.40748450380391,120.83909056295953,278.79428281092373,229.29083299667005,23.471752037652568,83.78747929553958,137.11962009855375
293.3220771250577,146.26662154664592,121.37001925229559,280.38097950183453,232.52049862761126,25.295976797551273,86.73321757915029,135.37713337461966
293.3910920988369,141.2591967811323,123.84114646892652,285.9285931049313,230.39916631807367,28.035336677762903,90.38081542136273,130.43506830283548
291.67173554753225,137.60288714107546,126.79627985516306,287.96056129697575,231.5027828255479,32.88284145894318,96.61088509058087,131.34168664523102
291.76550663288197,130.91831538024397,126.4863299964716,290.4071216490799,229.1964029257103,35.393420148130964,94.90593942148675,125.97658846414463
290.66635435106144,130.27484565538342,132.19583853734983,291.7244768180768,227.3968198459242,39.91095773131275,97.3631677795245,123.40008355047094
283.42460242172785,128.92446940729033,136.30716152336672,286.8275660885754,223.94026306056742,46.162672228771214,92.86994894954407,118.25587425981698
278.2757004865286,129.95177902226743,142.03565270674656,283.9667088223502,217.68580568542694,46.792242429692514,91.82973044534141,111.88521123261872
272.6969528710927,131.46802507918093,147.85336421559165,281.83429683883423,212.30967558907776,50.51957899276122,88.83716304110136,106.5591658518103
265.5462703554173,135.48250306265845,153.88311013159984,278.20576142189265,205.49363413432454,54.20686140447437,84.8536779079989,100.03487911934148
261.7767614536469,137.09560496545015,161.12591598959816,272.3858742368369,200.63989288568007,59.32685641682409,83.64338095328297,94.39388811486756
254.56087205212359,141.0171584007898,167.00845482219054,269.2454356247336,195.55734920902734,63.595119483111304,82.2190605494322,90.00888812807098
247.25801937145314,144.8205009103547,172.05312499362907,265.4345955309773,189.46065269255897,68.37192128880244,79.34893783249252,83.35606376675071
245.832787563705,150.21171239264237,176.45727049043194,261.0992473884835,183.52759625379633,72.13180917828937,77.19825298642236,79.00137431721889
241.22658914341238,156.1347423791549,180.0284887947267,257.37082239154296,181.36506743461237,74.29979968728355,72.06823660994883,76.10022347442698
236.90133466995448,157.43183151729056,180.3767988534263,255.91726020591327,178.0770467873581,74.90572742868822,71.7599495011585,74.6038616650278
238.27181233949952,161.0887232638228,178.09897798267818,252.54604713113784,177.0544949097695,73.35610876051086,68.1976044905533,80.27954123176349
238.68525725098948,162.81373392955118,177.90187312723398,248.6775161483597,177.72721565248736,71.2858415712226,64.89102471527364,79.80786596160218
238.70338356527128,165.05329759900494,178.4834925754548,246.67874891445132,176.1019541115064,69.89221380054745,61.44712864967444,82.2035485072795
237.691480560478,166.74255437873538,179.18262214940722,245.9339221565216,175.31093201181952,73.27684676606472,58.58585066545195,81.11586570730356
232.58611778425555,172.57459414590406,181.26579570832058,241.34819431821902,172.47592820318027,72.26897715160283,59.42140678226676,81.81456424714219
230.6599612481416,175.53749996483586,184.82426584772335,238.0744227609656,167.52379696974737,77.35190572323204,57.0012274138181,81.11973840928476
227.01719896479503,178.08037671643956,187.90799486528496,233.54134069426283,163.2194509394469,82.31722798397898,51.88806502990048,78.21786573323182
219.5913610182158,182.7906164730683,193.61221888963718,227.68468366731165,158.303167532035,86.8325145830106,51.631365945405065,72.19619992908527
212.71776856946906,189.8486524328459,200.51218528323392,222.74581288584025,150.53095408199653,92.47221657826367,49.972661022559514,69.91222457675497
206.04887343722208,194.6035571119291,209.44310326736044,220.31901269417048,143.72005504923985,98.33667863217775,56.11147288261665,67.21843587110341
199.09174749141593,199.5573992246178,214.45383098915138,213.64236726997382,136.19406147884965,105.46997042133155,54.95134363727589,64.15989715011844
191.3735301508639,205.80112256039044,221.08807105603495,210.26535248743753,127.11228634508954,114.13938004800549,58.92145804034205,61.16007063410657
184.5296146790695,211.1275682067143,226.67489838599258,202.86511198907752,121.43036388864316,121.50438331366215,61.75549469136892,63.50865048898532
178.77875343380373,215.9393554172156,233.9317943534649,199.38364235947694,114.49729481535763,126.82551231032072,64.11192229857643,61.713988858966616
172.73077766134122,223.02612698816665,240.3232561601302,196.05239789807894,108.60028668562231,132.9553092946634,68.95545610659255,62.58715882722126
166.58422210204606,226.09861448512424,246.9930302502233,190.89091619833465,103.40229463105564,138.7815326067769,71.32360984863739,62.483078685845484
160.17334801177986,232.1715989752813,249.57205166322578,190.09087433277273,97.33333553555441,144.21923734263584,75.81339849414755,65.17250753849349
157.48031131318473,234.79856660624793,254.87103340158666,188.24241757317978,95.94974804366186,146.68995665896995,78.86457308283478,65.58376889757155
155.63737774120943,233.77258887252148,256.7710342268887,188.678065254767,93.60721633072562,149.47473750721838,82.91534249863503,64.82620601121884
153.60634653661026,234.10411708144835,260.1688743262282,189.28794584981242,93.06843455995573,149.7101584196453,86.87053102956348,62.660036086519476
154.0878758961771,234.62672662874698,262.7307864108409,194.0400131905473,90.94655050011725,151.15460947824812,87.58493317167326,59.70288585483635
154.144506019961,232.0278507801129,262.2112140576049,194.48276576468447,92.35576372855878,151.9503015979884,89.26737868776965,56.43055557342732
152.17876295298345,233.55345426770168,262.22578291472547,199.3577509091277,93.30599778897981,154.67680860700506,91.15421001560675,57.34577172687797
151.56116162483647,232.9742892608643,267.40791088628623,197.68072388862353,93.2645115946177,155.45009256824528,94.0961664356825,57.741672603364286
149.4121338110212,236.1956193451324,268.20498661855737,197.38999483248634,90.95188164693513,159.76071598515384,97.3942300940406,54.671558924780825
145.99801092548066,237.14135548858658,271.0884905466256,197.51914049445384,87.40940831536666,161.09977931240368,100.20569050972883,58.539904406823716
142.94616857647043,242.72164624597298,276.5102498088362,195.2907478253485,82.98006905939855,165.26769212559574,103.70849914929676,61.12950671906755
137.16754315137368,245.17597173324341,279.6124764922665,193.0765727970632,77.70289972214525,172.60979201607586,107.12195182575498,64.53364808052643
131.64288581520088,251.43026645499225,286.5078966341958,188.54968374385732,71.3661563958157,177.3261662098725,111.81382843762103,68.38260963986987
125.68679656931566,257.2193181414201,292.62739199204094,185.86053621944112,67.29532086399132,184.2282707551181,117.86838668540355,72.56226860618798
118.35926212045187,265.2142179222057,299.41986647969003,184.94586476925096,59.442121321899215,191.9641089112017,124.66075576259662,79.08893507937819
111.43971470190242,271.8407769666956,307.3542151486225,181.31279547787682,53.92892089963887,196.7117118489966,126.61607130190923,83.94825842501544
104.8389766178999,275.54390831279426,312.0256286918136,180.29695718860566,50.600115604515324,202.28403075805815,134.49692905663554,90.06672038415353
99.88402311331704,282.96188874663454,317.05777036481027,178.5886393724253,44.14246698642127,209.90947843415805,139.1884168757502,98.34145560174908
93.67124667966232,287.7130289752019,323.33326214390115,175.53535386712048,38.56731777689262,216.41290890116238,145.32919400204358,101.02060608813889
88.64056534383138,294.3885092013194,328.29769190697573,173.95698920384612,35.13371777185403,218.66451502969772,149.49269626663855,108.93879620796851
85.2291272645259,298.7709286125137,332.7719817008189,169.81574179866945,31.890994517312905,225.94205623184342,150.40812820382985,111.60427549311868
82.31663241161112,302.44204270457834,334.14224790839205,166.26400078099513,27.849461955847683,226.02020790061576,151.2174475684724,117.78525476543209
85.57144807326445,306.43301622101075,334.84915147654664,160.45465648634843,27.820281430210546,229.03485592489992,152.00193977912443,120.34255144588397
82.4657255830621,312.07058242998,337.6914297764223,154.6329856296935,27.516300035066326,230.14943754787228,153.46443780080236,125.66553480737716
79.90896060768006,316.1340283234867,341.20418481735715,148.98053961119345,26.943993881158566,231.96137561129692,154.55142197195917,131.50591141674263
77.17434368040703,321.46166960990706,343.1301341969784,147.68107176868222,27.526167005151134,239.1812516227186,158.2626202739417,135.81993243287337
72.81790682421911,327.8832564286265,349.3709021126837,145.94844366520175,27.67089375462635,242.24104143719396,162.89160447687368,140.4226320680124
68.81204816233378,329.68336661789874,355.07253185906904,146.09788417821858,28.85222795593347,245.94269603150798,168.26283023223974,144.61128430190095
63.96807429511679,333.4649988894602,359.12829879195266,151.52333856104482,26.612727848663578,249.8424914745264,174.2333800805846,146.1210176086501
56.91984115574901,335.6455646461767,363.8722636395336,153.80349209063618,27.522566835004163,256.62052969493243,178.83326657881207,147.56373149783664
56.98400375568618,333.1598658546044,364.252135544624,159.3410153286512,29.387226852816703,257.87880705306725,180.7567049274813,147.07784239129535
53.23523148139583,332.6262059897172,365.438445806012,166.57950715335244,29.912571739075965,257.59646872275806,182.145004330531,144.04225803244697
57.56848127627488,327.9583299332851,363.48678298815,171.1301176018247,29.63417432370774,256.1656391535027,179.5778208554569,140.86614925816988
61.32811357975289,319.13256319157995,358.8103612049717,172.89120389036637,30.133201983375656,249.34991784894942,176.02871527110293,131.17229070197263
66.62414314647737,312.39196234365915,351.63528503059973,175.7317742201344,29.797970465268033,244.92016218451775,170.5798895585544,127.31924515813833
72.50049214549266,308.37422182921426,348.6706772406381,175.17004699383025,28.37446817688152,238.47969678622567,165.88733558041443,120.11205736615356
76.75641906375854,305.3018443303394,340.85252991487596,171.54322797437692,29.967611350241718,233.84774527846508,159.5408386070463,119.32169720645103
81.93346542601154,305.81855670254345,338.19750581644143,167.29973234058977,28.537104137081165,230.02068943875378,156.6104818497466,118.5734309329216
83.54295401406497,305.76482383291915,337.66774200681954,162.83144455841918,29.43152113950635,227.37261851354648,154.67101237196823,119.96428302046543
81.66621860845397,309.2078549921673,336.3787574339399,157.05688613171915,27.216921442149253,228.1175731383454,152.2412081658947,125.72742187754592
82.42667611120595,315.340742262965,339.6411819650246,151.7288152932982,27.23590981396878,230.84988020313222,154.0884458574565,127.38677204145625
77.84633800666649,321.6604062189636,343.9117399622557,149.50611388746503,25.686373299954653,235.41570172192928,158.79055565080105,136.20974721567651
74.43836066115428,326.5876764092033,351.49205271143035,146.5535676424542,27.340330068341746,243.86423892763173,164.9681942271912,139.34180459565604
68.353696416722,333.09568243392835,355.7233997478801,148.08531805736897,28.497037396168725,249.10065875458614,169.72300585491854,144.46549935776045
61.05569444676869,335.5692723997693,361.8960346260208,150.97668365386508,29.278662219333572,250.78551262451597,176.73884065967644,145.61417753671643
56.35380499023495,333.47832814577197,363.12196132637877,157.69877682227744,28.381422447095723,256.77524188593424,179.1783282591981,147.6954830156336
54.78731796762593,331.1413881665655,366.21839910387035,161.75792323096675,27.430367592786755,256.53839611289504,182.3170048078563,145.7243029821801
55.17933465909774,327.9235246500968,363.41485247877813,169.59806638733508,29.331751344469502,255.6902273554862,181.27092560350457,140.9324443777556
58.626362867646506,322.5737672738452,360.0704037670188,171.4206599154037,29.417011889417417,251.56861415706544,178.25901001296802,135.1573667789003
63.91833060569333,314.80691190943327,355.8300912920702,173.66767213583782,29.08500637479188,243.32104986985507,175.02585561782607,129.18868141301758
70.37575950734771,310.0508342835716,349.6355689220386,172.60953830286658,27.10926744438625,242.21991791260808,167.24235369301525,123.89122529200546
75.7289770314043,305.8895777962325,343.1195465767605,174.27626947058982,30.983774680278348,234.18340099857394,161.94470875247342,119.11936967398404
82.33735419090823,300.74626580285053,337.4198717414308,173.66267655953538,32.87119728771498,226.8935534188787,156.30316332547656,111.61968556041774
87.66458972476349,293.3357236761987,330.2573736425174,176.301249952019,36.65266547137223,221.63169911346728,149.4705191866899,106.98417788997268
96.00258750781938,285.21127394723186,323.780591093097,178.50308843640127,39.97825701092509,215.7810323581022,143.51214272728254,99.83991913421954
102.31358212796334,279.3560509397027,314.79464735528745,178.75745052847026,48.16819148531062,206.24830574891115,136.23457023768637,90.8338744615002
110.19513197676567,270.3278360604026,309.62915188513017,184.15424464227743,53.20267756852516,201.43216858182163,131.36746882029325,85.51516020415474
117.07937177884075,265.34417220052165,297.75507276434274,184.76216326087646,62.87209848928624,192.7740914771699,124.25805230875255,78.60398127960663
129.52944175323054,254.80895545506485,290.48804884661035,190.53780576846384,70.6884581011946,180.86601689673444,114.34693110657665,69.84760381663874
137.1445218203496,244.34250748361436,278.82851929017073,193.61536052621113,80.1765283128506,172.43821870285518,108.15589376963649,60.841351635425355
148.2183743176095,235.52160164541849,268.52543529851573,199.6158337583625,90.53772333653349,159.8271863712004,99.63080926096897,53.964165511119724
159.7147850848114,225.05184750291116,257.53033015233257,206.33526206163174,100.77046454037934,151.06190693538557,92.67162627681985,51.05606399526222
171.57690658235765,213.97611924326458,248.31738511874013,212.80892307867714,111.73454599433728,139.77863762789536,85.05997214479046,45.141240385646995
181.24757960886126,205.92068420571277,236.02684629742893,218.36361270025375,121.97317130868545,129.94098467030543,79.86352937549886,45.976239586021535
193.04072008246573,194.48233641438964,225.7010806081602,228.26297109433247,132.41170332671567,118.94729214094428,76.5877644297447,46.99705983728329
204.32283105058403,184.48899261649785,216.18678643516458,233.19429265875644,145.23530112940458,110.90399728540886,72.82866371701441,49.460793909010825
214.82108872560417,178.1306718779682,205.40216222222045,242.2078986211417,156.25393184318906,98.80837917181685,73.04639165350787,58.31905197994017
224.7882539239768,167.11573137164257,196.50504473409234,247.0263843301151,164.1122742816318,89.82318311132963,73.4663672541977,62.96046671074347
234.92096728141,157.59280211090564,188.6115290719144,256.1234943890648,172.25897217928625,83.70606140648086,76.8747502446276,69.53863518880708
245.47057036031606,152.05765951182337,180.07966256936467,262.7977862493383,183.96306292918945,77.39477540164786,80.13388482508725,76.81859411433877
251.6401697081531,142.88318401697478,174.42297798526613,268.9878315419669,190.4734697511418,74.22877665344988,85.38416396923267,84.09862140231378
257.003066940663,137.67374301757098,171.43504049692643,276.72952497738794,200.3456741697384,71.30593232371726,89.76210180447518,88.12777360204558
263.33346866692654,132.34183704665944,167.44402106749322,282.8650419842588,202.52350394901896,68.32361428704917,92.12657784389167,92.796528128474
266.1993771459426,126.05289589521254,164.25966292819487,288.5359336695703,207.52625866509055,69.60673145190816,97.47570298197283,95.47041282097244
272.0070515559039,124.95879730146022,161.6933824290997,289.81229991288,210.6917196121192,68.9938070059649,100.0140913364389,98.14432790382638
275.4459930375374,122.16604666430025,158.3472806383367,292.28296369827683,216.1980830259368,66.85299310150842,102.15953648592141,103.44188464720322
280.25298494822334,122.45320874030878,154.27145425508604,293.03482915466304,217.7966265297056,63.23326844423275,102.64734885346792,106.71913208783353
282.4537239464276,122.16334999365716,149.20945888382676,295.76154317495104,222.15503803003338,57.450671567340166,102.23500897674742,111.02602358823725
284.7467063047457,123.46573633387075,145.8298436983807,296.94407452656486,225.06805055699638,56.40709318182648,102.84539330458081,115.46493668937424
288.6085154707666,124.10086926667202,138.48008679126625,295.85475269511244,228.33442831436037,49.901460121380616,102.32381838827243,121.48685763334971
293.57038244833745,124.70943110350984,130.848883150786,296.71151891665005,229.85940725915756,44.8212029461352,100.24995028646033,123.15348606026065
297.0275786227793,129.22079630840554,127.62229657151632,293.77873560553434,234.22808829803884,41.17296406692086,100.19048919615926,130.2614620552038
300.8041018706881,131.1229194133537,122.91393483545761,296.58909526780974,240.02904336277084,36.975789637407146,102.70337356334622,134.6097635295473
304.9501376736882,131.17933247316185,116.65654380529031,300.8787552062335,241.80151278193938,32.53419916901493,105.88150878519203,140.8687474745949
309.5567125019816,134.70821790521427,110.1408184819723,302.95195887791584,248.476901973342,31.771012417175033,108.80518331783942,146.19336982786268
315.59608240964394,136.92558068972676,106.53836377594949,304.21987263913127,252.23883529705947,30.425863688161407,109.15296395593347,151.89932365417468
320.34852496764137,141.32579605253935,100.1890172024425,302.84213768746656,254.09443595843996,29.19451636342358,110.6964921923638,157.04669332145974
319.2953966360906,147.7580437860723,98.45367919170542,301.5887712591678,258.187104793044,28.451319533294704,107.39682066879,163.39246673303714
320.4819682919089,153.22954718142162,96.68110990098243,298.1718319976305,257.8811763858228,30.840576069091416,106.257130135565,165.73716893088795
320.3655966205417,159.93288367182546,96.41404565134366,294.1602422647077,257.27600849914097,29.877150159584257,104.00073549724394,166.01670422933844
317.8475497779662,163.56512430707807,97.9205435280447,288.03206114000983,254.95039175173812,29.296998570890153,101.60361805688356,168.81547142382564
316.8296884908363,169.95775128336555,98.55329600562756,284.18992989660165,251.89897488700618,31.857473576945647,97.72543621129033,168.20857470480297
312.07143807769137,175.12740803845355,103.39911477776656,277.01539413545555,247.93443356394707,29.502966529140696,91.59357104007948,165.3950750843031
307.26335689760447,175.17786550248368,108.58019849843552,275.1330053218681,242.3857823576924,31.788101922799687,87.38760682572534,158.63818665463606
301.97891979480215,174.72107212039424,114.34198496450897,271.21886577138827,237.2426637514295,26.535521847962148,82.52843644213769,154.56727649399633
296.545745045908,171.58114354791323,118.1211483137829,269.9524618739669,232.17171611250717,25.909274103811995,81.27046953684741,149.31300820963722
294.51973777191427,165.91403839696548,117.687073853578,271.52598021765255,230.91868989239055,23.664000040299175,78.84682971122994,144.64436959395226
294.14546037690104,159.46675163249736,121.44237993163705,273.2955677915153,230.235525985426,23.00142543757266,79.76791674611209,139.23103166926876
291.8277416128465,154.8390725455059,120.40992602040019,280.282941897376,229.63328637283246,23.16414998179047,85.75384687280567,139.8916236756209
295.55942401360477,148.13498386552973,122.97698742187325,282.45116145052316,231.4208199563515,24.889953961368814,86.8682475979616,135.06348745704787
293.30304466255575,140.04432592512217,124.29138482845704,286.7382285046245,231.04527992260304,30.82597156236955,90.08025847575223,132.08408295375312
292.34377491165225,132.8603163918803,126.59717409096888,289.3359084418434,232.44507009684216,35.32107060202684,93.74835738036833,131.15126957814167
292.0072912661385,131.03521496536908,130.59185878678397,289.98716743322217,228.65360959736736,40.79052596358773,98.30873924931197,126.62897567338501
286.23930742521856,127.91900476296243,135.9478728723956,288.0598989538727,225.56080072091615,43.583449886389744,95.25091819797349,118.40464168006407
281.908637315944,129.3632604558844,140.06104150328733,283.9222257848478,220.0574349683871,48.93402839205307,94.96368257830079,113.84998773457855
274.6728507035866,132.30586488171625,146.14060519587932,283.2174751471209,214.89116599730252,52.156711129958985,90.19963895762146,107.85456477407745
268.0825176401864,133.43490099381677,152.9535006404393,279.2510347856656,208.8868055498039,54.32373916251768,88.9120458323642,101.41408389509073
262.9331054046726,136.63928823767003,157.0179027384459,275.99751189115415,202.86166667396603,59.554784514700394,85.13131203852542,96.2295303309729
255.38140558350355,140.72858096753157,166.20259262869567,269.70514947641914,196.51250599411634,62.98854577227915,82.97697529531943,90.03152789469506
249.61805694197815,146.69085100265403,170.11996046390115,265.87586161207787,190.758489279379,69.65401788938696,78.91135912958138,85.08996039824352
246.19591375945933,150.1804081355829,175.54984716682173,261.9384597959299,184.27393991377906,72.05250002565413,76.17329685019473,77.52574436420343
241.90718183217203,154.0733742522718,176.1748669259193,257.29123618974734,181.34815132432738,76.31782650646198,74.5578760365516,76.62564009872428
238.338185270071,158.1378026003506,179.3313621608845,253.5796968510136,177.0773840474341,73.92849994405012,71.27451691189542,77.81554639376992
238.02979973167697,159.5953557334649,179.5379317788904,250.01031093420715,177.33117497318122,74.02915446697473,67.7937912973648,80.5467793666865
238.1129116147177,161.09979983942367,177.91635150929056,250.47735169273398,176.37641962605903,70.75159608362233,65.79159321281146,78.63260144550875
239.525036229355,165.1810704217838,176.7751380681936,248.17640547683052,175.89735557995206,71.53585003066138,62.2206032499183,80.23181655910967
235.56964720602082,168.43995769183584,177.79896897634322,243.52547250003147,173.22382736112297,71.63517907302975,60.902996560126894,80.64959961927809
232.90232712894928,172.35689569225485,180.47371453863545,240.47253743608343,169.64169478667407,73.72715213402229,55.735493910663436,81.48639702590228
229.7483820268458,177.51510365582413,185.38941141758673,236.53593351385297,166.52714236271262,76.95150697916301,54.492120325434904,77.87923573514003
223.46293505688612,180.61670375536485,189.09460526207937,233.1950197945489,162.3644107771043,82.2605426737976,50.90107426350281,74.51357440845949
218.48455571069502,184.3228592941623,195.23251547611244,226.8553305027588,155.7657176318445,88.86354544256467,52.2183900598481,71.47481050864295
209.65185083413473,188.8204055576407,204.42601174279903,221.59556848562033,148.98678932506087,96.26138569214072,53.46515484547403,67.88231004184213
202.76349049835915,195.6622636052545,209.02776320501718,216.4896376382283,138.893163164977,102.92735997534174,53.055187648571874,65.39303111768133
194.70740676641785,201.72362077910506,217.91528463654043,209.8473079975116,132.99390973986644,107.7113502104302,55.79938222884216,64.78191051287288
185.34695782651292,207.83958008101223,225.4072773162635,204.6839682529886,124.38338762241982,117.06379550326366,59.4909827866337,62.543645116977096
178.88415900978933,214.72844495186126,232.9642875336759,200.89256567255134,116.0190139876544,122.97581780772138,63.89417886797397,60.91974293582423
168.81701260581073,222.03417887808857,238.80345070635403,193.795536109709,108.99521425490263,131.18472171190905,67.83925750349741,61.16648452686159
165.04406939238382,226.3017667466176,246.14929727961544,190.24142031763893,101.27641579292869,138.1603374499715,70.74029155047043,63.55554447326664
160.26226137270456,232.53916719986228,250.09990866214494,186.72545356729285,97.6026753340667,141.6794922798238,75.8896470136375,62.318902678043024
154.9579288393845,231.9003344345998,254.9371269682017,187.62003026660426,93.79093785680081,145.42795892758184,78.54261565383416,64.91196415573145
152.5568500688631,234.1346691168614,258.0223084792511,187.3480182160108,91.86634554321114,149.56848109262478,79.33884849087107,63.19690968300669
151.50901874552846,231.07808581697623,258.9626038936929,190.28724226402332,90.62616443068384,150.8314546912765,86.15807871254616,61.25433047455075
153.47960512649172,231.93884686497015,259.0339260588316,189.82021641671506,90.62321194849108,149.4793934221369,88.52079133377119,56.948737120491046
151.6758316884535,230.38773116715424,259.46101201504365,195.12702514153835,90.34359105449472,150.94498623766088,87.13988154970113,53.540856329976336
150.4943327815768,229.43341261565288,260.1616595517312,194.40169698139,89.46351189356157,151.8261335461443,88.31150765269575,54.31269159161186
149.8164407327052,228.69193489720126,262.31424014198336,195.21417165288764,90.15458476983392,155.2719305198051,90.32788069510543,53.17876721390742
146.83723605776527,233.09419438243373,266.0386574511627,194.7826460490119,87.05041177567733,156.3210382091175,96.16647422333067,53.993397839856996
144.94610818377475,236.12778394401263,269.30810539728384,192.3200471355839,81.79229161713653,159.701768384193,98.62803983944835,56.881198812648734
136.22885182255197,241.62490077504884,274.3120520120901,191.2779136048583,80.14271626580708,166.94118799567298,101.6748575856827,58.692765476082464
129.87087455012977,245.62466080947655,280.4567747378274,187.42874785516628,72.81613165417897,171.96894238249,106.3111355897948,63.230303766334146
125.55295204304781,252.68726654590978,285.7359428896196,186.7048839848699,66.50154506526344,178.05908636071075,112.16367442814166,68.8924981100188
119.42501260342833,258.66919458397666,292.69425758750066,182.7379267746595,58.961862970172064,184.62494557620528,116.80225983317392,73.64068983495494
111.7901394240552,262.8622412868106,299.5289008369118,180.21820285936528,54.27790859119489,190.25905051447762,123.9425153290413,78.5877012581482
106.40385128171239,271.43164988932443,306.1821538597665,180.05910733875777,47.212193240345485,198.95611080586923,129.6512077211195,84.43454538188749
100.38632174654838,277.0716263297626,313.8193250313987,176.81351650714308,42.79255537496724,205.55561121844696,135.41674400043203,89.21495978799479
94.25839764403132,281.9834930535663,320.7901237292978,175.5364271151056,36.752252892733274,210.59137149603504,138.94481350602763,96.80134191153367
87.44078548244472,290.43224077375163,326.2954595806483,172.914583261418,32.65998674247318,216.08051480271652,142.67556248289654,102.07756088451364
84.79164850147647,296.6875364375709,327.63384161621906,167.13062093117108,29.251500556172893,220.55944874068066,146.4148480661814,108.72200723166173
81.01242048178833,299.75333951062834,331.8408246109332,163.00232284013214,25.87148473744159,222.76409596980648,148.48364571238338,112.77318227156353
80.21872972343867,305.7290404337201,333.3381870196284,157.0826044300517,25.33876044207887,224.2689317823405,150.12104526558232,118.19966696238207
78.81505819361274,309.43497244255315,333.2323715216785,150.1320590036407,22.544290846253872,227.07138702186566,151.6917447798482,125.26559763534739
77.34094751565203,315.34234357004243,336.7598673225939,145.8322351928026,23.220617138202073,230.34661093973847,152.7877215127088,128.60590135072746
70.87180433056622,321.779766496876,342.8893199848583,143.82127185051806,26.598126074739927,235.61723007059703,155.38885658600242,134.85840430686918
68.52594245297412,328.2398916688892,348.60118942298004,143.7374049510491,24.364429403067856,242.3038358363155,166.30933601592812,138.5079368058893
62.12104627088631,330.78412552734113,356.7268946038394,145.94898519355837,25.82480926589292,247.68469620396868,169.9010612417612,143.22454381250557
57.017854527414144,331.5974145022708,360.3677630508089,150.41708217961764,27.011590467306924,252.12042880046388,172.64966762260602,146.03943701172608
51.850204079272324,330.4526032309149,361.64888150052224,157.6410956314408,24.015190539877267,257.27372271427157,178.43491429828205,143.85733503881548
52.18707725358238,328.41465158396477,362.8682867222661,163.21022586379175,27.12709716125644,254.06211204731827,178.19544759602192,140.3991644865337
54.37068705450382,324.09522743867603,360.21945889021777,164.54890786205053,27.103470589979274,251.25176862367704,176.61662358551004,135.01601949510675
60.16806387093021,317.86659203929497,354.19457334674564,170.9213494821317,25.082112656084508,244.90815419292574,172.15942430700179,130.28384550704567
65.54122527282041,311.3160689095875,349.77697449394464,172.0182067745666,24.909451148661415,240.76333330618164,168.19052399324266,124.11663914121208
71.33213219909639,306.2624295887626,343.1692588295315,171.55294224285765,25.112262437960958,233.23574834635374,161.10989487757783,117.45303688143925
74.38554160354491,302.38747075556955,336.839499897525,167.34119543437086,23.062090148817337,229.2355832313774,155.69645159448086,114.55000582607667
78.91027247534518,302.63648082799307,332.11765061551876,161.90317310348084,23.615846059181557,224.35225341177303,151.77732331135326,114.71028480353822
79.48911889663758,301.8738540454584,333.2387122837342,155.75229851875153,24.09595138443056,224.70173878199583,150.13954185279758,116.24253874422376
75.89596902314999,308.17512674758643,335.6524875956344,152.28462109075494,23.700998313212093,225.4747592657906,149.85904892513517,121.08383544808818
76.63447983262373,314.10440672648895,338.5438244413793,148.79387444804846,23.587664131762814,229.35720915690365,151.9109094407609,126.05260575402296
71.01664018522361,319.42028485771675,342.3902236033631,142.98558221637884,22.50256969830799,236.590941313358,156.90713730669094,133.90563561453257
65.52628826984967,325.80438231330584,350.14962802603713,141.45843658164068,23.153096941469247,241.59113695444972,161.8171514758035,138.51536828468406
59.25802778712071,330.8792290630515,355.9293517654505,145.49653969279103,25.568635270739033,247.93769675944117,170.07884079459768,143.07276103676415
54.67599305847275,331.11296265935283,357.8889211850324,150.6534716546533,26.91146566813727,253.38167584524888,175.82702501827922,145.6602276706769
51.28334470691286,330.3186521433584,361.48258024141575,156.82671008716608,26.330358303624323,255.12350476462785,177.3001967913917,142.14719201614994
51.305403593008926,326.56871431779786,359.6800432725402,161.10061682719285,25.244907705191142,251.45548026797866,176.9697024130163,138.23335794986718
54.77304065199634,321.544482327336,357.8863430004207,168.74805426929245,26.461563325013977,247.79347465226132,175.97989837909736,132.48342076810007
61.90485274715917,311.90778264388035,349.723599765105,171.4244774983438,25.486049842531898,241.66658105323606,168.54212306939328,126.63758037596975
67.13429714543429,307.4126597212619,342.730538696462,171.40409734962537,24.566885842360705,235.51042976664485,161.65893734138032,118.2229003350915
75.72151761061376,297.57828979970174,336.45025274178124,170.29692757482033,26.446536954312432,225.98932709839866,152.11600914168574,111.15820199845112
85.71408507087233,292.51908639321823,328.19330749691034,171.42873121126124,30.691203421441383,220.02766530867217,146.47825073055577,105.84801980733985
90.94524097755429,286.1915809660196,321.9616090282396,173.1363422547217,36.18510811636847,213.3707521243409,141.17215464219785,98.17689851551695
96.14210280757389,281.8207493376789,314.7813041551428,173.18582685772796,40.29339746481459,207.3172885559178,136.7395894687803,94.08903947022682
102.65367227556146,275.0321085231588,307.3367461836034,175.68417068159687,45.80105344013394,198.53106592240363,130.06384003972912,89.23944413673611
104.46365146555753,272.02238165492065,305.8229723694757,176.2557363321536,46.87261028991351,198.0006204906538,129.85875831838837,86.51925503665396
