Local_time,Latitude,Longitude,Height,E,N
10/05/2023 11:33:08,45.3437857710689,9.01146700265216,149.629690905102,500898.354252198,5021141.85989549
10/05/2023 11:33:09,45.3437857960689,9.01146699765216,149.632690905593,500898.353860089,5021141.86267279
10/05/2023 11:33:10,45.3437858177359,9.01146697598617,149.626690906473,500898.352162379,5021141.86507962
10/05/2023 11:33:11,45.343785792736,9.01146697598616,149.624690906145,500898.352162773,5021141.86230227
10/05/2023 11:33:12,45.3437857810689,9.01146699265216,149.623690903187,500898.353468614,5021141.86100632
10/05/2023 11:33:13,45.3437857960689,9.01146693598616,149.62669090461,500898.349029019,5021141.8626721
10/05/2023 11:33:14,45.3437857927359,9.01146697765215,149.630690904334,500898.352293292,5021141.86230229
10/05/2023 11:33:15,45.3437857827359,9.01146697265216,149.627690903842,500898.351901738,5021141.86119129
10/05/2023 11:33:16,45.3437857794029,9.01146697431916,149.622690903954,500898.352032388,5021141.86082103
10/05/2023 11:33:17,45.343785767736,9.01146697098617,149.620690902695,500898.351771457,5021141.85952486
10/05/2023 11:33:18,45.3437857844029,9.01146700431916,149.624690903351,500898.354382585,5021141.86137684
10/05/2023 11:33:19,45.3437857694029,9.01146698431916,149.626690903679,500898.35281597,5021141.8597102
10/05/2023 11:33:20,45.3437857810689,9.01146695765216,149.622690902092,500898.350726625,5021141.86100593
10/05/2023 11:33:21,45.343785764403,9.01146697098617,149.617690902203,500898.35177151,5021141.85915458
10/05/2023 11:33:22,45.3437857627359,9.01146696598617,149.615690903738,500898.351379824,5021141.85896933
10/05/2023 11:33:23,45.3437857810689,9.01146696765216,149.624690904282,500898.351510052,5021141.86100604
10/05/2023 11:33:24,45.3437857760689,9.01146696598616,149.623690903187,500898.351379612,5021141.86045055
10/05/2023 11:33:25,45.3437858110689,9.01146696765217,149.622690904886,500898.351509578,5021141.86433886
10/05/2023 11:33:26,45.3437858110689,9.01146696598617,149.622690906748,500898.351379058,5021141.86433884
10/05/2023 11:33:27,45.343785802736,9.01146694931917,149.617690904997,500898.350073455,5021141.86341291
10/05/2023 11:33:28,45.3437858077359,9.01146697598617,149.624690904282,500898.352162537,5021141.86396868
10/05/2023 11:33:29,45.3437858144029,9.01146695765217,149.620690904558,500898.350726099,5021141.86470914
10/05/2023 11:33:30,45.3437858027359,9.01146698598617,149.623690904118,500898.352946041,5021141.86341332
10/05/2023 11:33:31,45.3437858094029,9.01146699431917,149.625690902583,500898.353598764,5021141.86415408
10/05/2023 11:33:32,45.3437858044029,9.01146698098617,149.623690904118,500898.352554302,5021141.86359846
10/05/2023 11:33:33,45.343785781069,9.01146692931917,149.617690903135,500898.348506947,5021141.86100561
10/05/2023 11:33:34,45.343785792736,9.01146694265217,149.616690903902,500898.349551303,5021141.8623019
10/05/2023 11:33:35,45.343785792736,9.01146699098617,149.621690904722,500898.353337913,5021141.86230243
10/05/2023 11:33:36,45.3437857810689,9.01146697931916,149.625690903515,500898.352424074,5021141.86100617
10/05/2023 11:33:37,45.343785776069,9.01146697931917,149.619690903462,500898.352424154,5021141.8604507
10/05/2023 11:33:38,45.3437857794029,9.01146698265216,149.624690903351,500898.352685217,5021141.86082112
10/05/2023 11:33:39,45.3437857760689,9.01146701765215,149.633690904826,500898.355427258,5021141.86045113
10/05/2023 11:33:40,45.3437857694029,9.01146698265217,149.617690904066,500898.352685375,5021141.85971018
10/05/2023 11:33:41,45.343785782736,9.01146698598617,149.618690903299,500898.352946358,5021141.86119144
10/05/2023 11:33:42,45.3437857944029,9.01146699598617,149.621690902859,500898.353729599,5021141.86248768
10/05/2023 11:33:43,45.343785766069,9.01146696931916,149.623690904118,500898.351640886,5021141.85933965
10/05/2023 11:33:44,45.343785764403,9.01146698931917,149.618690905161,500898.353207763,5021141.85915479
10/05/2023 11:33:45,45.343785776069,9.01146699431917,149.621690904722,500898.353599292,5021141.86045087
10/05/2023 11:33:46,45.343785786069,9.01146696765217,149.616690903902,500898.351509974,5021141.86156151
10/05/2023 11:33:47,45.3437858094029,9.01146699598618,149.614690904506,500898.353729362,5021141.8641541
10/05/2023 11:33:48,45.3437857977359,9.01146699431918,149.616690905765,500898.353598949,5021141.86285794
10/05/2023 11:33:49,45.343785774403,9.01146699098618,149.611690904014,500898.353338203,5021141.86026575
10/05/2023 11:33:50,45.3437858127359,9.01146698931917,149.619690904394,500898.353206999,5021141.8645243
10/05/2023 11:33:51,45.343785782736,9.01146695598617,149.619690903462,500898.350596081,5021141.86119111
10/05/2023 11:33:52,45.343785796069,9.01146696265217,149.618690903299,500898.351118102,5021141.8626724
10/05/2023 11:33:53,45.343785792736,9.01146699265217,149.618690903299,500898.353468432,5021141.86230245
10/05/2023 11:33:54,45.343785799403,9.01146695765217,149.618690905161,500898.350726336,5021141.86304273
10/05/2023 11:33:55,45.3437857910689,9.01146694765217,149.617690903135,500898.349943043,5021141.86211676
10/05/2023 11:33:56,45.343785786069,9.01146698598617,149.621690904722,500898.352946305,5021141.86156172
10/05/2023 11:33:57,45.3437857844029,9.01146704431917,149.620690904558,500898.357516287,5021141.86137728
10/05/2023 11:33:58,45.3437857860689,9.01146696931916,149.620690904558,500898.35164057,5021141.86156153
10/05/2023 11:33:59,45.343785789403,9.01146698765218,149.612690904178,500898.353076772,5021141.86193212
10/05/2023 11:34:00,45.3437858160689,9.01146699598617,149.620690904558,500898.353729256,5021141.86489465
10/05/2023 11:34:01,45.3437858110689,9.01146699265217,149.621690906584,500898.353468141,5021141.86433914
10/05/2023 11:34:02,45.3437857994029,9.01146698265217,149.621690904722,500898.3526849,5021141.863043
10/05/2023 11:34:03,45.3437857977359,9.01146699598617,149.622690904886,500898.353729545,5021141.86285796
10/05/2023 11:34:04,45.3437858027359,9.01146698931917,149.622690903954,500898.353207158,5021141.86341336
10/05/2023 11:34:05,45.343785806069,9.01146696598617,149.623690904118,500898.351379137,5021141.86378338
10/05/2023 11:34:07,45.3437857810689,9.01146699098617,149.62169090379,500898.353338097,5021141.8610063
10/05/2023 11:34:08,45.343785802736,9.01146698598617,149.616690903902,500898.352946042,5021141.86341332
10/05/2023 11:34:09,45.3437857860689,9.01146697098617,149.618690903299,500898.351771168,5021141.86156155
10/05/2023 11:34:10,45.3437857960689,9.01146699931917,149.619690903462,500898.353990687,5021141.8626728
10/05/2023 11:34:11,45.3437858110689,9.01146699431918,149.615690907463,500898.353598739,5021141.86433916
10/05/2023 11:34:12,45.343785789403,9.01146696598618,149.614690904506,500898.351379402,5021141.86193188
10/05/2023 11:34:13,45.3437858127359,9.01146695598618,149.614690903574,500898.350595608,5021141.86452393
10/05/2023 11:34:14,45.343785814403,9.01146696931919,149.610690904781,500898.351640124,5021141.86470927
10/05/2023 11:34:15,45.3437857877359,9.01146697931918,149.608690902591,500898.352423971,5021141.86174684
10/05/2023 11:34:16,45.3437858127359,9.01146696431918,149.614690903574,500898.351248436,5021141.86452402
10/05/2023 11:34:17,45.343785816069,9.01146697931918,149.617690904066,500898.352423521,5021141.86489446
10/05/2023 11:34:18,45.3437857794029,9.01146700431917,149.618690903299,500898.354382664,5021141.86082137
10/05/2023 11:34:19,45.3437858044029,9.01146701598618,149.611690905876,500898.355296293,5021141.86359885
10/05/2023 11:34:20,45.3437857977359,9.01146698931918,149.609690905549,500898.353207237,5021141.86285789
10/05/2023 11:34:21,45.3437858110689,9.01146699265218,149.617690905929,500898.353468141,5021141.86433914
10/05/2023 11:34:22,45.343785796069,9.01146698765217,149.620690902695,500898.353076666,5021141.86267268
10/05/2023 11:34:23,45.3437857844029,9.01146697098618,149.610690905713,500898.351771195,5021141.86137647
10/05/2023 11:34:24,45.343785789403,9.01146697431918,149.609690905549,500898.352032231,5021141.86193197
10/05/2023 11:34:25,45.3437858044029,9.01146699765218,149.613690904342,500898.35385996,5021141.86359864
10/05/2023 11:34:26,45.3437857910689,9.01146700431918,149.614690905437,500898.35438248,5021141.86211739
10/05/2023 11:34:27,45.3437857877359,9.01146704265219,149.609690903686,500898.357385639,5021141.86174754
10/05/2023 11:34:28,45.343785801069,9.01146700598619,149.607690904289,500898.354512919,5021141.86322835
10/05/2023 11:34:29,45.3437857944029,9.01146701265218,149.612690903246,500898.355035257,5021141.86248787
10/05/2023 11:34:30,45.343785792736,9.01146700765218,149.611690904014,500898.354643571,5021141.86230262
10/05/2023 11:34:31,45.3437857977359,9.01146699598618,149.613690904342,500898.353729546,5021141.86285796
10/05/2023 11:34:32,45.343785802736,9.01146701765218,149.613690904342,500898.355426838,5021141.86341367
10/05/2023 11:34:33,45.3437858244029,9.01146702265219,149.6146909073,500898.355818208,5021141.8658208
10/05/2023 11:34:34,45.343785807736,9.01146700265218,149.614690905437,500898.35425162,5021141.86396898
10/05/2023 11:34:35,45.343785802736,9.01146700765218,149.615690906532,500898.354643412,5021141.86341356
10/05/2023 11:34:36,45.3437857894029,9.01146702265219,149.607690904289,500898.355818761,5021141.86193251
10/05/2023 11:34:37,45.343785801069,9.01146703265219,149.607690903358,500898.356602003,5021141.86322865
10/05/2023 11:34:38,45.3437858094029,9.01146702265219,149.608690904453,500898.355818447,5021141.86415439
10/05/2023 11:34:39,45.343785799403,9.01146702431919,149.609690904617,500898.3559492,5021141.86304347
10/05/2023 11:34:40,45.343785819403,9.0114670159862,149.606690903194,500898.355296057,5021141.86526526
10/05/2023 11:34:41,45.3437858144029,9.01146702765219,149.606690905057,500898.356210079,5021141.86470992
10/05/2023 11:34:42,45.3437858110689,9.01146702098619,149.608690906316,500898.355687901,5021141.86433946
10/05/2023 11:34:43,45.343785816069,9.0114670209862,149.604690903798,500898.355687823,5021141.86489493
10/05/2023 11:34:44,45.343785811069,9.01146698931919,149.606690904126,500898.353207027,5021141.8643391
10/05/2023 11:34:45,45.343785857736,9.0114669976522,149.607690906152,500898.353859118,5021141.86952362
10/05/2023 11:34:46,45.3437858310689,9.0114670009862,149.603690906428,500898.354120734,5021141.86656111
10/05/2023 11:34:47,45.343785847736,9.01146703598621,149.60269090347,500898.35686246,5021141.86841311
10/05/2023 11:34:48,45.343785856069,9.01146703765221,149.602690904401,500898.356992847,5021141.86933887
10/05/2023 11:34:49,45.343785861069,9.0114670209862,149.606690904126,500898.355687111,5021141.86989416
10/05/2023 11:34:50,45.343785851069,9.0114670026522,149.607690904289,500898.354250936,5021141.86878301
10/05/2023 11:34:51,45.3437858560689,9.01146701598619,149.610690905713,500898.355295477,5021141.86933863
10/05/2023 11:34:52,45.343785857736,9.01146701431921,149.598690904677,500898.355164855,5021141.86952381
10/05/2023 11:34:53,45.343785859403,9.01146703098621,149.603690903634,500898.356470563,5021141.86970919
10/05/2023 11:34:54,45.3437858727359,9.0114670576522,149.613690904342,500898.358559435,5021141.8711907
10/05/2023 11:34:55,45.3437858560689,9.0114670643192,149.609690905549,500898.359082008,5021141.86933917
10/05/2023 11:34:56,45.343785852736,9.0114670609862,149.607690905221,500898.358820945,5021141.86896886
10/05/2023 11:34:57,45.343785857736,9.01146701598622,149.596690904349,500898.355295452,5021141.86952383
10/05/2023 11:34:58,45.343785861069,9.01146701765221,149.596690903418,500898.355425918,5021141.86989412
10/05/2023 11:34:59,45.3437858460689,9.0114670476522,149.60469090566,500898.357776429,5021141.86822805
10/05/2023 11:35:00,45.3437858310689,9.0114670426522,149.608690905385,500898.357384954,5021141.86656158
10/05/2023 11:35:01,45.3437858277359,9.01146703431919,149.608690904453,500898.356732179,5021141.86619121
10/05/2023 11:35:02,45.343785842736,9.0114670176522,149.602690906264,500898.355426207,5021141.86785744
10/05/2023 11:35:03,45.343785862736,9.0114670093192,149.603690905496,500898.354773061,5021141.87007922
10/05/2023 11:35:04,45.3437858644029,9.0114670043192,149.603690905496,500898.354381323,5021141.87026436
10/05/2023 11:35:05,45.3437858310689,9.0114670176522,149.604690904729,500898.355426392,5021141.8665613
10/05/2023 11:35:06,45.343785831069,9.0114670376522,149.606690905988,500898.356993241,5021141.86656152
10/05/2023 11:35:07,45.343785847736,9.0114670026522,149.606690903194,500898.354250989,5021141.86841274
10/05/2023 11:35:08,45.343785841069,9.01146698931922,149.591690904461,500898.353206555,5021141.86767193
10/05/2023 11:35:09,45.343785866069,9.01146698431921,149.598690905608,500898.352814446,5021141.87044922
10/05/2023 11:35:10,45.343785822736,9.0114669659862,149.597690903582,500898.351378876,5021141.86563498
10/05/2023 11:35:11,45.343785796069,9.0114670009862,149.601690902375,500898.354121287,5021141.86267282
10/05/2023 11:35:12,45.343785794403,9.0114670209862,149.600690903142,500898.355688165,5021141.86248796
10/05/2023 11:35:13,45.343785792736,9.0114669893192,149.595690903254,500898.353207318,5021141.86230242
10/05/2023 11:35:14,45.343785816069,9.0114669676522,149.597690903582,500898.351509502,5021141.86489433
10/05/2023 11:35:15,45.343785802736,9.0114669793192,149.595690904185,500898.352423734,5021141.86341325
10/05/2023 11:35:16,45.343785824403,9.0114669793192,149.599690906703,500898.352423392,5021141.86582032
10/05/2023 11:35:17,45.343785806069,9.01146700098621,149.595690904185,500898.354121129,5021141.86378377
10/05/2023 11:35:18,45.343785819403,9.01146701931921,149.595690903254,500898.355557174,5021141.8652653
10/05/2023 11:35:19,45.343785811069,9.01146701931921,149.59869090654,500898.355557304,5021141.86433944
10/05/2023 11:35:20,45.343785796069,9.0114670176522,149.597690903582,500898.355426945,5021141.86267301
10/05/2023 11:35:21,45.343785817736,9.01146700098621,149.596690906212,500898.354120945,5021141.8650799
10/05/2023 11:35:22,45.343785812736,9.0114669726522,149.599690904841,500898.351901267,5021141.86452411
10/05/2023 11:35:23,45.343785802736,9.0114670093192,149.595690904185,500898.354774011,5021141.86341358
10/05/2023 11:35:24,45.343785844403,9.01146701931921,149.597690904513,500898.355556778,5021141.86804265
10/05/2023 11:35:25,45.343785847736,9.0114670209862,149.604690903798,500898.355687322,5021141.86841294
10/05/2023 11:35:26,45.3437858310689,9.0114670059862,149.605690906756,500898.354512445,5021141.86656117
10/05/2023 11:35:27,45.343785789403,9.01146700265219,149.601690903306,500898.35425191,5021141.86193229
10/05/2023 11:35:28,45.343785814403,9.01146695098621,149.592690904625,500898.35020387,5021141.86470907
10/05/2023 11:35:29,45.343785817736,9.0114669443192,149.593690906651,500898.349681508,5021141.86507927
10/05/2023 11:35:30,45.343785791069,9.01146698431921,149.592690906487,500898.352815631,5021141.86211717
10/05/2023 11:35:31,45.3437858327359,9.0114670159862,149.602690906264,500898.355295846,5021141.86674648
10/05/2023 11:35:32,45.343785826069,9.0114670143192,149.599690904841,500898.355165354,5021141.8660058
10/05/2023 11:35:33,45.343785824403,9.01146701598622,149.592690906487,500898.355295979,5021141.86582073
10/05/2023 11:35:34,45.343785801069,9.01146698598621,149.591690902598,500898.352946071,5021141.86322813
10/05/2023 11:35:35,45.343785789403,9.01146699765221,149.587690904737,500898.3538602,5021141.86193224
10/05/2023 11:35:36,45.343785809403,9.01146700431921,149.593690904789,500898.354382193,5021141.86415419
10/05/2023 11:35:37,45.343785812736,9.0114670143192,149.600690904073,500898.355165566,5021141.86452458
10/05/2023 11:35:38,45.343785789403,9.0114669676522,149.592690905556,500898.351509924,5021141.8619319
10/05/2023 11:35:39,45.343785812736,9.0114670043192,149.597690904513,500898.354382139,5021141.86452447
10/05/2023 11:35:40,45.343785809403,9.01146698431921,149.593690904789,500898.352815342,5021141.86415397
10/05/2023 11:35:41,45.343785797736,9.0114669809862,149.596690904349,500898.35255441,5021141.8628578
10/05/2023 11:35:42,45.343785806069,9.0114669909862,149.598690905608,500898.353337704,5021141.86378365
10/05/2023 11:35:43,45.343785829403,9.01146702098621,149.596690904349,500898.355687613,5021141.86637626
10/05/2023 11:35:44,45.343785786069,9.0114670076522,149.597690903582,500898.354643677,5021141.86156196
10/05/2023 11:35:45,45.343785817736,9.01146696765221,149.595690905116,500898.351509476,5021141.86507953
10/05/2023 11:35:46,45.343785819403,9.01146700931921,149.592690902762,500898.354773749,5021141.86526519
10/05/2023 11:35:47,45.343785817736,9.01146698598621,149.593690906651,500898.352945807,5021141.86507973
10/05/2023 11:35:48,45.343785861069,9.01146700931922,149.594690904021,500898.354773088,5021141.86989403
10/05/2023 11:35:49,45.343785844403,9.01146703931922,149.592690904625,500898.357123629,5021141.86804287
10/05/2023 11:35:50,45.343785801069,9.01146699098621,149.591690902598,500898.353337784,5021141.86322818
10/05/2023 11:35:51,45.343785796069,9.01146700598621,149.59369090572,500898.354513001,5021141.86267288
10/05/2023 11:35:52,45.343785839403,9.01146700598621,149.597690903582,500898.354512315,5021141.86748703
10/05/2023 11:35:53,45.343785822736,9.01146696265221,149.593690904789,500898.351117682,5021141.86563494
10/05/2023 11:35:54,45.343785829403,9.01146698098622,149.587690904737,500898.352553911,5021141.86637581
10/05/2023 11:35:55,45.343785832736,9.01146698265222,149.58569090534,500898.352684377,5021141.8667461
10/05/2023 11:35:56,45.343785834403,9.01146695765222,149.586690903641,500898.350725786,5021141.86693102
10/05/2023 11:35:57,45.343785822736,9.01146694765222,149.586690901779,500898.349942546,5021141.86563477
10/05/2023 11:35:58,45.343785831069,9.01146698098622,149.586690906435,500898.352553885,5021141.86656089
10/05/2023 11:35:59,45.343785826069,9.01146698431923,149.581690904684,500898.35281508,5021141.86600546
10/05/2023 11:36:00,45.343785817736,9.01146695931923,149.575690905564,500898.350856648,5021141.86507944
10/05/2023 11:36:01,45.343785826069,9.01146694431923,149.574690904468,500898.349681378,5021141.86600502
10/05/2023 11:36:02,45.343785837736,9.01146695765224,149.5746909054,500898.350725735,5021141.8673013
10/05/2023 11:36:03,45.343785802736,9.01146694598623,149.573690904304,500898.349812344,5021141.86341288
10/05/2023 11:36:04,45.343785797736,9.01146696265223,149.57269090414,500898.351118079,5021141.86285759
10/05/2023 11:36:05,45.343785799403,9.01146693598623,149.56969090458,500898.349028972,5021141.86304249
10/05/2023 11:36:06,45.343785829403,9.01146694265223,149.570690904744,500898.349550729,5021141.86637539
10/05/2023 11:36:07,45.343785849403,9.01146693431923,149.574690904468,500898.348897584,5021141.86859717
10/05/2023 11:36:08,45.343785844403,9.01146696098623,149.578690904193,500898.350986823,5021141.868042
10/05/2023 11:36:09,45.343785842736,9.01146695265223,149.578690904193,500898.350333943,5021141.86785671
10/05/2023 11:36:10,45.343785859403,9.01146692431923,149.57569090277,500898.348113999,5021141.869708
10/05/2023 11:36:11,45.343785881069,9.01146695598624,149.577690904029,500898.350594531,5021141.87211532
10/05/2023 11:36:13,45.343785867736,9.01146693098625,149.566690904088,500898.34863618,5021141.87063382
10/05/2023 11:36:14,45.343785851069,9.01146698598625,149.564690906554,500898.352945284,5021141.86878283
10/05/2023 11:36:15,45.3437866777357,9.01147083098673,149.580690945499,500898.654159353,5021141.96066347
10/05/2023 11:36:16,45.3437900494014,9.01148857265495,149.567691126838,500900.044033471,5021142.33543353
10/05/2023 11:36:17,45.343795472732,9.01152011765882,149.539691442624,500902.515263222,5021142.93828622
10/05/2023 11:36:18,45.343801846062,9.01156117933072,149.536691847257,500905.732037212,5021143.6467861
10/05/2023 11:36:19,45.3438095577252,9.01161082600362,149.550692336634,500909.621359671,5021144.5040654
10/05/2023 11:36:20,45.3438171527208,9.0116696776764,149.55469290074,500914.231825733,5021145.34849046
10/05/2023 11:36:21,45.3438243610489,9.01173591935084,149.554693518206,500919.421248012,5021146.15004675
10/05/2023 11:36:22,45.3438324893774,9.01180913102604,149.582694207318,500925.156701198,5021147.05389392
10/05/2023 11:36:23,45.3438418993714,9.01188819936803,149.589694955386,500931.350957506,5021148.10019941
10/05/2023 11:36:24,45.3438540276982,9.01197146937779,149.617695764638,500937.874335875,5021149.44855046
10/05/2023 11:36:25,45.3438676960247,9.01205756438807,149.644696614705,500944.619003282,5021150.96802618
10/05/2023 11:36:26,45.3438821826851,9.01214567273169,149.647697493434,500951.521383143,5021152.57844492
10/05/2023 11:36:27,45.3438973876784,9.01223489774254,149.640698385425,500958.511229748,5021154.26868701
10/05/2023 11:36:28,45.3439130910047,9.01232493442056,149.619699291885,500965.564652076,5021156.0143084
10/05/2023 11:36:29,45.343929232665,9.01241486776463,149.594700201415,500972.609967575,5021157.80863273
10/05/2023 11:36:30,45.3439456093253,9.01250429277566,149.599701106548,500979.615451019,5021159.62906585
10/05/2023 11:36:31,45.3439619809846,9.01259301778662,149.60970201157,500986.566090888,5021161.4489426
10/05/2023 11:36:32,45.3439778293121,9.01267924779724,149.624702883884,500993.321271871,5021163.21065719
10/05/2023 11:36:33,45.3439932026388,9.01276396447467,149.627703743055,500999.957899496,5021164.91959047
10/05/2023 11:36:34,45.3440084342994,9.0128487211521,149.615704599768,501006.597659729,5021166.61279298
10/05/2023 11:36:35,45.3440234509591,9.01293411782856,149.602705460973,501013.287559184,5021168.2821252
10/05/2023 11:36:36,45.3440378976197,9.01301902950587,149.603706310503,501019.939469434,5021169.88813488
10/05/2023 11:36:37,45.3440503909465,9.01310134118263,149.612707117572,501026.387721873,5021171.27711469
10/05/2023 11:36:38,45.3440581942745,9.01318159785744,149.65470785927,501032.675063433,5021172.14504379
10/05/2023 11:36:39,45.3440585442686,9.01326018786499,149.683708506636,501038.831969258,5021172.18493665
10/05/2023 11:36:40,45.3440523059289,9.01333587453828,149.706709060818,501044.761542671,5021171.4928732
10/05/2023 11:36:41,45.3440451192577,9.01340575787691,149.705709553324,501050.236488954,5021170.69538565
10/05/2023 11:36:42,45.3440402959193,9.01346540788197,149.659709991887,501054.909690822,5021170.16032098
10/05/2023 11:36:43,45.3440394825829,9.01351178288635,149.616710364819,501058.542825894,5021170.07057256
10/05/2023 11:36:44,45.3440438675797,9.01355497622522,149.566710764542,501061.926605196,5021170.55828815
10/05/2023 11:36:45,45.3440573659094,9.01359929289746,149.591711271554,501065.398217435,5021172.05845743
10/05/2023 11:36:46,45.3440819959061,9.01364183790517,149.642711883411,501068.73082255,5021174.79526705
10/05/2023 11:36:47,45.3441181675705,9.01367588458082,149.670712547377,501071.397429807,5021178.81417593
10/05/2023 11:36:48,45.3441622192354,9.01370223292291,149.705713233911,501073.460781558,5021183.70840449
10/05/2023 11:36:49,45.3442096092334,9.01372718293237,149.738713945262,501075.414518767,5021188.97348404
10/05/2023 11:36:50,45.3442572725644,9.01375271127594,149.757714664564,501077.413555321,5021194.26893764
10/05/2023 11:36:51,45.3443038808952,9.01378040961856,149.78171538841,501079.58261028,5021199.44721676
10/05/2023 11:36:52,45.3443497025597,9.01381285796151,149.806716143154,501082.123800113,5021204.53816652
10/05/2023 11:36:53,45.3443945708897,9.01385049797173,149.896716932766,501085.071728154,5021209.52327748
10/05/2023 11:36:54,45.3444386808865,9.01389127131617,149.961717735976,501088.265136638,5021214.42418588
10/05/2023 11:36:55,45.3444855792179,9.01392487465942,149.964718512259,501090.896777309,5021219.6347662
10/05/2023 11:36:56,45.3445375058825,9.01394201800185,149.966719209217,501092.238815419,5021225.40374224
10/05/2023 11:36:57,45.3445924475496,9.01393920467681,149.976719771512,501092.017358968,5021231.50739672
10/05/2023 11:36:58,45.3446476775511,9.01391863301627,149.868720194325,501090.404685188,5021237.64284294
10/05/2023 11:36:59,45.3447015592205,9.01388585802127,149.816720499657,501087.836015438,5021243.62833306
10/05/2023 11:37:00,45.3447481542237,9.01384030302376,149.917720625177,501084.266288737,5021248.80414683
10/05/2023 11:37:01,45.3447812492278,9.01378387969016,150.034720518626,501079.845386488,5021252.48004719
10/05/2023 11:37:02,45.3447948558983,9.01372232968622,150.091720157303,501075.02322908,5021253.99084412
10/05/2023 11:37:03,45.3447888925695,9.01366498467976,150.138719623908,501070.530867137,5021253.32758994
10/05/2023 11:37:04,45.3447677392401,9.01361751467203,150.139719008468,501066.812408573,5021250.97695087
10/05/2023 11:37:05,45.3447354959087,9.01358329633084,150.190718385391,501064.132306823,5021247.39445565
10/05/2023 11:37:06,45.3446946909101,9.01356527132297,150.205717801116,501062.720968788,5021242.86102476
10/05/2023 11:37:07,45.3446474075771,9.01356667631602,150.202717308886,501062.831922541,5021237.60814597
10/05/2023 11:37:08,45.3445965009089,9.01358438464314,150.161716908216,501064.22017085,5021231.9529515
10/05/2023 11:37:09,45.344544225907,9.01361223630504,150.108716580085,501066.403091438,5021226.14587789
10/05/2023 11:37:10,45.3444921575718,9.01364419463341,150.026716283523,501068.907734883,5021220.36181903
10/05/2023 11:37:11,45.3444403359025,9.01367651296182,149.96071599517,501071.440581265,5021214.60516912
10/05/2023 11:37:12,45.3443902275676,9.01370397962403,149.89071568381,501073.593312,5021209.03879685
10/05/2023 11:37:13,45.3443412975667,9.01371850461818,149.824715281837,501074.732150826,5021203.6031585
10/05/2023 11:37:14,45.3442960192344,9.01371138627777,149.772714738734,501074.175343614,5021198.57291019
10/05/2023 11:37:15,45.3442593342368,9.01368043793533,149.748714092188,501071.751485474,5021194.49701296
10/05/2023 11:37:16,45.3442286025734,9.01363354126032,149.675713378936,501068.078088787,5021191.08228509
10/05/2023 11:37:17,45.3441996042448,9.0135760979165,149.647712600417,501063.578408713,5021187.85998323
10/05/2023 11:37:18,45.3441710792496,9.01351228957313,149.621711775661,501058.580068293,5021184.69018546
10/05/2023 11:37:19,45.3441449259206,9.0134465512299,149.622710953467,501053.430478701,5021181.7838444
10/05/2023 11:37:20,45.3441223725928,9.01337764621994,149.603710152209,501048.032734641,5021179.27740507
10/05/2023 11:37:21,45.3441035325981,9.01330638287629,149.591709363274,501042.450161288,5021177.18346904
10/05/2023 11:37:22,45.3440903942703,9.0132372728677,149.586708659306,501037.036177007,5021175.72298692
10/05/2023 11:37:23,45.3440862826077,9.01317979786162,149.551708144136,501032.533537244,5021175.26546729
10/05/2023 11:37:24,45.344091725944,9.01313449285811,149.537707830779,501028.984147816,5021175.86960979
10/05/2023 11:37:25,45.3441083192805,9.01310060952431,149.565707731061,501026.329355446,5021177.71259837
10/05/2023 11:37:26,45.3441346009479,9.01308128952636,149.596707853489,501024.815311908,5021180.63208917
10/05/2023 11:37:27,45.3441651459486,9.0130703295299,149.588708089665,501023.956132444,5021184.02531755
10/05/2023 11:37:28,45.3441935926169,9.01305285286553,149.556708249263,501022.586462967,5021187.18535106
10/05/2023 11:37:29,45.3442123976193,9.01302025119919,149.580708185211,501020.032045857,5021189.27406152
10/05/2023 11:37:30,45.3442175526228,9.0129728628614,149.592707850039,501016.319458184,5021189.8461527
10/05/2023 11:37:31,45.34420958096,9.01291637118882,149.569707303308,501011.893932043,5021188.95983716
10/05/2023 11:37:32,45.344197020965,9.01285058618064,149.560706632212,501006.740427688,5021187.56367211
10/05/2023 11:37:33,45.3441828959706,9.01277544617129,149.582705864683,501000.854059107,5021185.99353287
10/05/2023 11:37:34,45.3441678409767,9.01269414616123,149.58570503816,500994.48511696,5021184.32000565
10/05/2023 11:37:35,45.344152630983,9.01260908281675,149.61270417925,500987.821346814,5021182.62921915
10/05/2023 11:37:36,45.3441378309896,9.01252150780612,149.614703302272,500980.960796902,5021180.98395768
10/05/2023 11:37:37,45.3441237176631,9.01243529446277,149.594702446833,500974.20690749,5021179.41500475
10/05/2023 11:37:38,45.3441103626691,9.01235417611993,149.629701639526,500967.852154871,5021177.9303665
10/05/2023 11:37:39,45.3440982593417,9.01227907111091,149.631700894795,500961.968475398,5021176.58485915
10/05/2023 11:37:40,45.3440872510129,9.01220983610265,149.610700207762,500956.544643388,5021175.36107481
10/05/2023 11:37:41,45.3440769976847,9.01214636776102,149.611699580215,500951.572569694,5021174.22123932
10/05/2023 11:37:42,45.344065567689,9.0120895577539,149.582698992454,500947.122142165,5021172.95076526
10/05/2023 11:37:43,45.3440479810254,9.01204391608091,149.56169843208,500943.546766783,5021170.99645598
10/05/2023 11:37:44,45.3440220426947,9.01201476440727,149.524697915651,500941.263390652,5021168.11452081
10/05/2023 11:37:45,45.3439919526953,9.01200744440204,149.536697532982,500940.690423478,5021164.77161556
10/05/2023 11:37:46,45.3439641193618,9.0120151643986,149.541697300039,500941.295686767,5021161.67958816
10/05/2023 11:37:47,45.3439410193611,9.012024577729,149.573697129264,500942.033531891,5021159.11342573
10/05/2023 11:37:48,45.3439237143608,9.01202915106086,149.555696981959,500942.392104513,5021157.19099677
10/05/2023 11:37:49,45.3439059076939,9.01202831939113,149.541696785949,500942.327244957,5021155.21277242
10/05/2023 11:37:50,45.3438870193618,9.01201653438713,149.567696487531,500941.404292673,5021153.11425344
10/05/2023 11:37:51,45.3438689876971,9.01198624104852,149.567696046084,500939.031337547,5021151.11068931
10/05/2023 11:37:52,45.3438550077008,9.01193722770771,149.578695495613,500935.191743143,5021149.55702477
10/05/2023 11:37:53,45.3438435577054,9.01187604270013,149.571694873273,500930.398546897,5021148.28428993
10/05/2023 11:37:54,45.3438316743775,9.01180768435879,149.57269418519,500925.043378961,5021146.96333567
10/05/2023 11:37:55,45.3438192960489,9.01173578268303,149.577693463303,500919.4106231,5021145.58735387
10/05/2023 11:37:56,45.3438068960542,9.01166431934134,149.566692746244,500913.81220533,5021144.20897512
10/05/2023 11:37:57,45.3437946293935,9.01159416599975,149.580692041665,500908.316411719,5021142.8454287
10/05/2023 11:37:58,45.3437818993986,9.01152550765725,149.580691341311,500902.937745151,5021141.43043017
10/05/2023 11:37:59,45.3437688910697,9.01145735931571,149.617690643296,500897.599035358,5021139.98452066
10/05/2023 11:38:00,45.3437566394088,9.0113891276403,149.639689956792,500892.253782643,5021138.62267606
10/05/2023 11:38:01,45.3437490894137,9.01132317096685,149.632689335383,500887.086683781,5021137.78318809
10/05/2023 11:38:02,45.3437492677515,9.01125931429379,149.606688811444,500882.083983049,5021137.80229906
10/05/2023 11:38:03,45.343758679423,9.01120007928958,149.564688427374,500877.443213276,5021138.84723267
10/05/2023 11:38:04,45.343778191093,9.01114570262028,149.565688191913,500873.182904255,5021141.01427201
10/05/2023 11:38:05,45.3438075727633,9.01109984762024,149.603688130155,500869.590056229,5021144.27790441
10/05/2023 11:38:06,45.3438416260993,9.01105831762136,149.610688153654,500866.335971989,5021148.0605796
10/05/2023 11:38:07,45.3438735727697,9.01101210762169,149.62968811579,500862.715281025,5021151.60916835
10/05/2023 11:38:08,45.3438992711067,9.01095795928738,149.610687948763,500858.472780482,5021154.46352195
10/05/2023 11:38:09,45.3439125461113,9.01089540928333,149.64168757759,500853.572263837,5021155.93763112
10/05/2023 11:38:10,45.3439096294501,9.0108318426098,149.633687026799,500848.592343098,5021155.61293576
10/05/2023 11:38:11,45.3438917644543,9.01077575093575,149.623686375096,500844.198253305,5021153.62765174
10/05/2023 11:38:12,45.3438606944576,9.01073190592692,149.599685682915,500840.763789727,5021150.17550161
10/05/2023 11:38:13,45.3438204611258,9.01070495425132,149.58868503198,500838.652923501,5021145.7055372
10/05/2023 11:38:14,45.3437766494604,9.01069716091099,149.59468450211,500838.043020104,5021140.83824115
10/05/2023 11:38:15,45.3437336577925,9.01070983590576,149.594684145413,500839.036646755,5021136.06225504
10/05/2023 11:38:16,45.3436958461233,9.01074118590308,149.599683998153,500841.493247977,5021131.86193102
10/05/2023 11:38:17,45.3436689677868,9.01078856923659,149.606684098952,500845.205785078,5021128.87640419
10/05/2023 11:38:18,45.3436563944496,9.01084570757318,149.612684431486,500849.682345475,5021127.48018254
10/05/2023 11:38:19,45.3436558344453,9.0109032975786,149.629684898071,500854.19411217,5021127.41857853
10/05/2023 11:38:20,45.3436643177742,9.01095718091904,149.628685429692,500858.415352023,5021128.36159864
10/05/2023 11:38:21,45.3436762411032,9.01101068925898,149.616685996763,500862.607159819,5021129.68678106
10/05/2023 11:38:22,45.3436887277658,9.01106915259945,149.625686608255,500867.18714531,5021131.0746026
10/05/2023 11:38:23,45.343701089428,9.01113335760745,149.629687265493,500872.216948264,5021132.44860283
10/05/2023 11:38:24,45.3437144610888,9.01120218095002,149.660687973723,500877.608545998,5021133.93486221
10/05/2023 11:38:25,45.3437283227502,9.01127677929225,149.658688732423,500883.452562248,5021135.47562567
10/05/2023 11:38:26,45.3437411994115,9.01135364096856,149.653689500876,500889.473906572,5021136.90699189
10/05/2023 11:38:27,45.3437547027386,9.01143239431114,149.65769028943,500895.643436331,5021138.40800373
10/05/2023 11:38:28,45.3437687493995,9.01151310265403,149.627691101283,500901.96611429,5021139.96940466
10/05/2023 11:38:29,45.3437835110594,9.0115957676642,149.605691935867,500908.442068001,5021141.6102661
10/05/2023 11:38:30,45.343799149387,9.01168092934169,149.623692798428,500915.113599469,5021143.34855512
10/05/2023 11:38:31,45.3438154160463,9.01176921268559,149.633693696931,500922.029676252,5021145.15669085
10/05/2023 11:38:32,45.3438321527066,9.01185981936382,149.605694619007,500929.127757179,5021147.01707525
10/05/2023 11:38:33,45.3438496260326,9.01195246604232,149.610695564188,500936.385640429,5021148.95933054
10/05/2023 11:38:34,45.3438661893595,9.01204692938686,149.616696513258,500943.785856383,5021150.80051999
10/05/2023 11:38:35,45.3438828460184,9.01214216439849,149.620697473176,500951.246520723,5021152.65209586
10/05/2023 11:38:36,45.3438997726781,9.01223914607733,149.616698449478,500958.844014223,5021154.53369683
10/05/2023 11:38:37,45.3439172776708,9.01233777942245,149.59769944381,500966.570888806,5021156.47957612
10/05/2023 11:38:38,45.3439345209965,9.0124365327677,149.450700434856,500974.307164205,5021158.39639669
10/05/2023 11:38:39,45.3439519293232,9.0125337177796,149.47770141717,500981.920565179,5021160.33153826
10/05/2023 11:38:40,45.343968787649,9.01262924112523,149.518702380359,500989.40379231,5021162.20556679
10/05/2023 11:38:41,45.343985115975,9.01272292780266,149.523703320883,500996.74313553,5021164.02070164
10/05/2023 11:38:42,45.344001440968,9.01281588114801,149.53170425538,501004.025023702,5021165.83546562
10/05/2023 11:38:43,45.3440174592952,9.01290672615913,149.527705173008,501011.141741537,5021167.61614279
10/05/2023 11:38:44,45.3440327692886,9.01299475450285,149.542706056498,501018.037804103,5021169.31810073
10/05/2023 11:38:45,45.3440460542822,9.01307927951293,149.561706891283,501024.65944065,5021170.79505621
10/05/2023 11:38:46,45.3440556742762,9.01315977452207,149.579707653262,501030.965421585,5021171.86480742
10/05/2023 11:38:47,45.3440577559364,9.01323729952977,149.612708311528,501037.03886167,5021172.09706269
10/05/2023 11:38:48,45.3440528625978,9.01331192453617,149.633708869107,501042.885236967,5021171.55440542
10/05/2023 11:38:49,45.3440464025925,9.013382989542,149.647709382698,501048.452743948,5021170.83765988
10/05/2023 11:38:50,45.3440410559209,9.01344482788018,149.606709831394,501053.297394094,5021170.2444833
10/05/2023 11:38:51,45.3440388309173,9.01349321288453,149.573710204102,501057.088023186,5021169.99793252
10/05/2023 11:38:52,45.3440400442485,9.01353165122244,149.543710532598,501060.099344613,5021170.13323157
10/05/2023 11:38:53,45.3440465475788,9.01356778622691,149.522710897028,501062.930118708,5021170.85618906
10/05/2023 11:38:54,45.3440597042431,9.01360343789825,149.562711328268,501065.722901949,5021172.31828722
10/05/2023 11:38:55,45.3440821509064,9.01363888623896,149.603711861186,501068.499579775,5021174.8124475
10/05/2023 11:38:56,45.3441144159041,9.01366831791257,149.645712447353,501070.804711902,5021178.39728751
10/05/2023 11:38:57,45.3441533375691,9.01369293292072,149.683713062666,501072.732368222,5021182.72158034
10/05/2023 11:38:58,45.3441962292343,9.01371638959636,149.714713713154,501074.569200718,5021187.48690172
10/05/2023 11:38:59,45.3442395358984,9.01374026960512,149.73371437192,501076.439187305,5021192.29833324
10/05/2023 11:39:01,45.3443191225614,9.01379125962191,149.759715637192,501080.432329556,5021201.14062068
10/05/2023 11:39:02,45.3443570008921,9.01382083963041,149.778716285713,501082.748959092,5021205.3490751
10/05/2023 11:39:03,45.3443936342235,9.01385374130593,149.871716949157,501085.325834406,5021209.41926313
10/05/2023 11:39:04,45.3444300742207,9.01388899798071,149.926717625931,501088.087204658,5021213.46800578
10/05/2023 11:39:05,45.3444686542182,9.01392165965658,149.960718306713,501090.645233874,5021217.75445583
10/05/2023 11:39:06,45.3445117592166,9.01394247466519,149.852718938142,501092.275086237,5021222.54344692
10/05/2023 11:39:07,45.3445590392161,9.01394909133997,149.810719497502,501092.792537153,5021227.79606354
10/05/2023 11:39:08,45.3446084042168,9.01393851634637,149.805719935335,501091.963127405,5021233.28007827
10/05/2023 11:39:09,45.3446569992185,9.01391568968468,149.644720268436,501090.173921663,5021238.67838496
10/05/2023 11:39:10,45.3447010892208,9.01388391135522,149.668720478192,501087.683520109,5021243.57609259
10/05/2023 11:39:11,45.3447398992236,9.01384379135706,149.760720565915,501084.539726663,5021247.88711233
10/05/2023 11:39:12,45.3447695725599,9.01379770802296,149.860720505938,501080.928936602,5021251.18302424
10/05/2023 11:39:13,45.3447867475638,9.01374518135446,149.88872025907,501076.813609005,5021253.09036157
10/05/2023 11:39:14,45.3447890559009,9.01368876134935,149.923719819635,501072.393556131,5021253.34605138
10/05/2023 11:39:15,45.3447752859049,9.01363546134215,149.945719240233,501068.218230271,5021251.81557836
10/05/2023 11:39:16,45.3447474559081,9.01359313633387,149.975718593225,501064.902960649,5021248.72327058
10/05/2023 11:39:17,45.344707362577,9.01356859632545,150.015717963688,501062.981216651,5021244.26881554
10/05/2023 11:39:18,45.3446607509104,9.01356469465109,150.013717434369,501062.676426562,5021239.09048486
10/05/2023 11:39:19,45.3446119142436,9.01357701964499,149.981717013754,501063.642897699,5021233.66518409
10/05/2023 11:39:20,45.3445623725749,9.01360171297299,149.933716685511,501065.578337319,5021228.16172555
10/05/2023 11:39:21,45.3445132875726,9.01363373796877,149.875716425478,501068.088145938,5021222.70909778
10/05/2023 11:39:22,45.3444640959033,9.01366766963175,149.801716177724,501070.747332293,5021217.24464631
10/05/2023 11:39:23,45.3444140309012,9.0136967312941,149.749715877697,501073.025015699,5021211.68310906
10/05/2023 11:39:24,45.3443625958999,9.01371654628838,149.67571549397,501074.578328834,5021205.9692505
10/05/2023 11:39:25,45.3443121608997,9.01372189294743,149.595714998432,501074.998150036,5021200.36629335
10/05/2023 11:39:26,45.3442687442354,9.01370114460595,149.580714363605,501073.373507543,5021195.54268355
10/05/2023 11:39:27,45.3442349842387,9.01365817459685,149.515713649802,501070.007791972,5021191.79157707
10/05/2023 11:39:28,45.3442060342431,9.01360095292011,149.454712872393,501065.525478319,5021188.57464628
10/05/2023 11:39:29,45.3441791459138,9.01353848124412,149.421712074429,501060.631826092,5021185.5866884
10/05/2023 11:39:30,45.3441522042527,9.01347399289988,149.435711258091,501055.580180303,5021182.59278304
10/05/2023 11:39:31,45.3441275192576,9.01340823788988,149.428710455075,501050.429254753,5021179.8495674
10/05/2023 11:39:32,45.3441072125958,9.01333981788029,149.41470967792,501045.069462466,5021177.59272814
10/05/2023 11:39:33,45.3440925292679,9.01327181120558,149.399708966725,501039.741944947,5021175.96061771
10/05/2023 11:39:34,45.3440838992726,9.01320843619823,149.381708353758,501034.77716917,5021175.00106048
10/05/2023 11:39:35,45.3440844726097,9.01315517285928,149.331707922742,501030.604394765,5021175.06407192
10/05/2023 11:39:36,45.3440977876127,9.01311416952432,149.351707731374,501027.391864914,5021176.54276565
10/05/2023 11:39:37,45.3441214876145,9.01308921119243,149.389707777649,501025.436148375,5021179.17537671
10/05/2023 11:39:38,45.3441498759484,9.01307644286145,149.396707977168,501024.435338647,5021182.32898914
10/05/2023 11:39:39,45.3441785842832,9.01306424286463,149.363708182238,501023.479048593,5021185.51815918
10/05/2023 11:39:40,45.3442025792849,9.01304163953308,149.348708252423,501021.707826543,5021188.18357409
10/05/2023 11:39:41,45.3442153359539,9.01300082286403,149.387708056718,501018.50993924,5021189.60024715
10/05/2023 11:39:42,45.3442143292919,9.01294675119271,149.376707604155,501014.273876528,5021189.48773068
10/05/2023 11:39:43,45.3442049326296,9.01288450118533,149.372706992552,501009.397255871,5021188.44303542
10/05/2023 11:39:44,45.3441925093017,9.01281573784288,149.368706298061,501004.010419489,5021187.0620182
10/05/2023 11:39:45,45.3441789909734,9.01274051950061,149.391705537215,500998.117902344,5021185.55927752
10/05/2023 11:39:46,45.3441652209793,9.01266120449095,149.378704741597,500991.904445555,5021184.02853334
10/05/2023 11:39:47,45.3441519643193,9.01258013448111,149.436703933403,500985.553486538,5021182.55480216
10/05/2023 11:39:48,45.3441389593254,9.01249941447143,149.423703133129,500979.229939953,5021181.10904024
10/05/2023 11:39:49,45.3441257909974,9.01241966612885,149.387702339329,500972.982515696,5021179.64515095
10/05/2023 11:39:50,45.3441129526701,9.01234355778563,149.381701578386,500967.020248123,5021178.21797265
10/05/2023 11:39:51,45.3441009493424,9.01227331777706,149.409700875171,500961.517701485,5021176.88363351
10/05/2023 11:39:52,45.3440898710133,9.01220790776911,149.422700219788,500956.393529504,5021175.65211835
10/05/2023 11:39:53,45.3440796226848,9.01214791276186,149.386699619703,500951.693564401,5021174.51287945
10/05/2023 11:39:54,45.3440694376889,9.01209320942213,149.355699066073,500947.408157215,5021173.38074216
10/05/2023 11:39:55,45.3440513843594,9.01204621774793,149.347698485479,500943.727027871,5021171.37457309
10/05/2023 11:39:56,45.3440222160278,9.01201610940771,149.313697927631,500941.368758108,5021168.1337928
10/05/2023 11:39:57,45.3439889743624,9.01200872773501,149.317697511055,500940.791012022,5021164.4407555
10/05/2023 11:39:58,45.3439611776949,9.01201651273156,149.336697279476,500941.401367036,5021161.35280224
10/05/2023 11:39:59,45.3439398926942,9.01202502939615,149.368697119877,500942.068935237,5021158.98826503
10/05/2023 11:40:00,45.343922581027,9.01202872939394,149.344696966,500942.359088933,5021157.06508521
10/05/2023 11:40:01,45.3439049343613,9.01202598105804,149.333696754649,500942.144070507,5021155.10461361
10/05/2023 11:40:02,45.3438875143624,9.01201176938708,149.32269645296,500941.030982873,5021153.16918938
10/05/2023 11:40:03,45.3438723943646,9.01198238771496,149.345696051605,500938.729401703,5021151.48910485
10/05/2023 11:40:04,45.3438615560339,9.01193765604306,149.335695568472,500935.225192168,5021150.28451054
10/05/2023 11:40:05,45.3438517243722,9.01188096936913,149.345695001073,500930.7843805,5021149.19161487
10/05/2023 11:40:06,45.3438398243768,9.01181907602844,149.325694365427,500925.935697854,5021147.86888293
10/05/2023 11:40:07,45.3438268143818,9.01175291102013,149.332693683915,500920.752378076,5021146.42279152
10/05/2023 11:40:08,45.343812926053,9.01168335767735,149.355692966841,500915.303619436,5021144.87908821
10/05/2023 11:40:09,45.3437986477253,9.0116124860024,149.362692232244,500909.751582897,5021143.29204818
10/05/2023 11:40:10,45.3437844327306,9.01154121099342,149.368691496551,500904.167944339,5021141.71204442
10/05/2023 11:40:11,45.3437701510689,9.0114700609844,149.410690762103,500898.594096861,5021140.12464069
10/05/2023 11:40:12,45.3437574894081,9.01140034097579,149.42969005648,500893.132251047,5021138.71723019
10/05/2023 11:40:13,45.3437492860791,9.01133417763423,149.415689424612,500887.948971676,5021137.80515772
10/05/2023 11:40:14,45.3437477444179,9.01126966596182,149.406688880175,500882.894983341,5021137.63317919
10/05/2023 11:40:15,45.3437550244224,9.01120969929025,149.342688468285,500878.19692555,5021138.44128874
10/05/2023 11:40:16,45.3437717960925,9.01115448428746,149.344688195735,500873.870980949,5021140.30392081
10/05/2023 11:40:17,45.3437983544299,9.01110787261993,149.377688098699,500870.218896173,5021143.25388917
10/05/2023 11:40:18,45.3438322244328,9.01106760762113,149.389688129537,500867.063917082,5021147.01621044
10/05/2023 11:40:19,45.3438655027692,9.01102180762171,149.408688107505,500863.475325286,5021150.71274331
10/05/2023 11:40:20,45.3438930661063,9.01096547928745,149.396687942557,500859.062009149,5021153.77426355
10/05/2023 11:40:21,45.343908901111,9.01090155428366,149.426687590778,500854.053732577,5021155.53275844
10/05/2023 11:40:22,45.3439070794498,9.01083784594429,149.416687047109,500849.062696733,5021155.32970919
10/05/2023 11:40:23,45.3438911344542,9.01077875426924,149.408686392941,500844.433551042,5021153.55769397
10/05/2023 11:40:24,45.3438611144578,9.01073271259335,149.388685694896,500840.826979732,5021150.22216955
10/05/2023 11:40:25,45.3438206094598,9.01070640591877,149.373685045168,500838.766648574,5021145.72203134
10/05/2023 11:40:26,45.3437763294604,9.0107000692445,149.385684520938,500838.270871133,5021140.80272132
10/05/2023 11:40:27,45.3437332411254,9.01071389257237,149.379684173502,500839.354462819,5021136.01600807
10/05/2023 11:40:28,45.3436948411231,9.01074594090369,149.373684026301,500841.865782345,5021131.75033118
10/05/2023 11:40:29,45.3436676544534,9.01079570590439,149.376684143208,500845.764910552,5021128.7305756
10/05/2023 11:40:30,45.3436559727819,9.01085664757445,149.397684517317,500850.539421361,5021127.43345325
10/05/2023 11:40:31,45.34366005611,9.01092212258133,149.409685098566,500855.668850703,5021127.88778013
10/05/2023 11:40:32,45.3436740011051,9.01098721092366,149.414685779251,500860.767837511,5021129.43767946
10/05/2023 11:40:33,45.3436914894343,9.01105129259843,149.410686493851,500865.787902765,5021131.38121538
10/05/2023 11:40:34,45.3437086727625,9.01111520927414,149.410687198862,500870.795043139,5021133.29086973
10/05/2023 11:40:35,45.343724441091,9.01117566428233,149.390687863342,500875.53100614,5021135.04329239
10/05/2023 11:40:36,45.3437375710869,9.01123108428962,149.386688457802,500879.872552244,5021136.50256057
10/05/2023 11:40:37,45.3437494560829,9.01128296429635,149.406689009629,500883.936782865,5021137.82348083
10/05/2023 11:40:38,45.3437593410795,9.0113292276353,149.389689493924,500887.56101876,5021138.92215377
10/05/2023 11:40:39,45.3437664277438,9.01136485263978,149.386689860374,500890.351862743,5021139.70983312
10/05/2023 11:40:40,45.3437721377416,9.01139502264355,149.369690168649,500892.715368898,5021140.34451378
10/05/2023 11:40:41,45.3437770377396,9.01142048264672,149.37569042854,500894.709893816,5021140.88915686
10/05/2023 11:40:42,45.3437812110711,9.01144164598339,149.369690646417,500896.367818016,5021141.35302441
10/05/2023 11:40:43,45.34378399607,9.01145618431822,149.353690797463,500897.506744355,5021141.66258308
10/05/2023 11:40:44,45.3437846844037,9.01145972931866,149.356690832414,500897.784457866,5021141.73909236
